-- MySQL dump 10.13  Distrib 8.0.19, for Linux (x86_64)
--
-- Host: localhost    Database: vk
-- ------------------------------------------------------
-- Server version	8.0.19

/*!40101 SET @OLD_CHARACTER_SET_CLIENT=@@CHARACTER_SET_CLIENT */;
/*!40101 SET @OLD_CHARACTER_SET_RESULTS=@@CHARACTER_SET_RESULTS */;
/*!40101 SET @OLD_COLLATION_CONNECTION=@@COLLATION_CONNECTION */;
/*!50503 SET NAMES utf8mb4 */;
/*!40103 SET @OLD_TIME_ZONE=@@TIME_ZONE */;
/*!40103 SET TIME_ZONE='+00:00' */;
/*!40014 SET @OLD_UNIQUE_CHECKS=@@UNIQUE_CHECKS, UNIQUE_CHECKS=0 */;
/*!40014 SET @OLD_FOREIGN_KEY_CHECKS=@@FOREIGN_KEY_CHECKS, FOREIGN_KEY_CHECKS=0 */;
/*!40101 SET @OLD_SQL_MODE=@@SQL_MODE, SQL_MODE='NO_AUTO_VALUE_ON_ZERO' */;
/*!40111 SET @OLD_SQL_NOTES=@@SQL_NOTES, SQL_NOTES=0 */;

--
-- Table structure for table `communities`
--

DROP TABLE IF EXISTS `communities`;
/*!40101 SET @saved_cs_client     = @@character_set_client */;
/*!50503 SET character_set_client = utf8mb4 */;
CREATE TABLE `communities` (
  `id` int unsigned NOT NULL AUTO_INCREMENT,
  `name` varchar(150) CHARACTER SET utf8 COLLATE utf8_unicode_ci NOT NULL,
  PRIMARY KEY (`id`),
  UNIQUE KEY `name` (`name`)
) ENGINE=InnoDB AUTO_INCREMENT=101 DEFAULT CHARSET=utf8 COLLATE=utf8_unicode_ci;
/*!40101 SET character_set_client = @saved_cs_client */;

--
-- Dumping data for table `communities`
--

LOCK TABLES `communities` WRITE;
/*!40000 ALTER TABLE `communities` DISABLE KEYS */;
INSERT INTO `communities` VALUES (62,'accusamus'),(93,'accusantium'),(20,'ad'),(100,'adipisci'),(23,'alias'),(77,'aliquam'),(59,'aliquid'),(82,'architecto'),(50,'asperiores'),(94,'assumenda'),(12,'aut'),(46,'blanditiis'),(63,'consequatur'),(90,'corrupti'),(66,'cum'),(61,'debitis'),(89,'delectus'),(48,'dicta'),(40,'dignissimos'),(70,'dolor'),(33,'dolorem'),(22,'dolores'),(84,'dolorum'),(83,'ducimus'),(53,'ea'),(30,'eaque'),(64,'enim'),(3,'eos'),(85,'error'),(37,'est'),(57,'et'),(8,'eum'),(73,'eveniet'),(69,'exercitationem'),(35,'explicabo'),(51,'facere'),(32,'facilis'),(80,'fugiat'),(88,'fugit'),(39,'harum'),(75,'id'),(47,'in'),(95,'inventore'),(21,'ipsa'),(72,'ipsum'),(91,'iste'),(81,'iure'),(28,'laborum'),(17,'maiores'),(98,'minima'),(9,'molestiae'),(99,'molestias'),(58,'mollitia'),(15,'natus'),(68,'nihil'),(55,'nobis'),(56,'non'),(5,'occaecati'),(25,'odit'),(60,'officia'),(78,'officiis'),(43,'omnis'),(38,'optio'),(74,'pariatur'),(97,'placeat'),(87,'porro'),(36,'possimus'),(6,'quasi'),(2,'qui'),(45,'quia'),(16,'quibusdam'),(96,'quis'),(1,'quisquam'),(31,'quos'),(71,'reiciendis'),(27,'rem'),(19,'repellat'),(54,'repellendus'),(76,'reprehenderit'),(41,'repudiandae'),(79,'rerum'),(52,'saepe'),(26,'sed'),(14,'sequi'),(67,'sint'),(7,'sit'),(92,'sunt'),(65,'tempora'),(42,'temporibus'),(13,'totam'),(29,'ullam'),(11,'ut'),(44,'vel'),(34,'velit'),(86,'veritatis'),(4,'vitae'),(10,'voluptas'),(18,'voluptate'),(24,'voluptatem'),(49,'voluptatum');
/*!40000 ALTER TABLE `communities` ENABLE KEYS */;
UNLOCK TABLES;

--
-- Table structure for table `communities_users`
--

DROP TABLE IF EXISTS `communities_users`;
/*!40101 SET @saved_cs_client     = @@character_set_client */;
/*!50503 SET character_set_client = utf8mb4 */;
CREATE TABLE `communities_users` (
  `community_id` int unsigned NOT NULL,
  `user_id` int unsigned NOT NULL,
  PRIMARY KEY (`community_id`,`user_id`)
) ENGINE=InnoDB DEFAULT CHARSET=utf8 COLLATE=utf8_unicode_ci;
/*!40101 SET character_set_client = @saved_cs_client */;

--
-- Dumping data for table `communities_users`
--

LOCK TABLES `communities_users` WRITE;
/*!40000 ALTER TABLE `communities_users` DISABLE KEYS */;
INSERT INTO `communities_users` VALUES (1,1),(2,2),(3,3),(6,6),(7,7),(8,8),(9,9),(10,10),(11,11),(12,12),(13,13),(14,14),(15,15),(16,16),(17,17),(18,18),(19,19),(20,20),(21,21),(22,22),(23,23),(24,24),(25,25),(26,26),(27,27),(28,28),(29,29),(30,30),(31,31),(32,32),(33,33),(34,34),(35,35),(36,36),(37,37),(38,38),(39,39),(40,40),(41,41),(42,42),(43,43),(44,44),(45,45),(46,46),(47,47),(48,48),(49,49),(50,50),(51,51),(52,52),(53,53),(54,54),(55,55),(56,56),(57,57),(58,58),(59,59),(60,60),(61,61),(62,62),(63,63),(64,64),(65,65),(66,66),(67,67),(68,68),(69,69),(70,70),(71,71),(72,72),(73,73),(74,74),(75,75),(76,76),(77,77),(78,78),(79,79),(80,80),(81,81),(82,82),(83,83),(84,84),(85,85),(86,86),(87,87),(88,88),(89,89),(90,90),(91,91),(92,92),(93,93),(94,94),(95,95),(96,96),(97,97),(98,98),(99,99),(100,100);
/*!40000 ALTER TABLE `communities_users` ENABLE KEYS */;
UNLOCK TABLES;

--
-- Table structure for table `friendship`
--

DROP TABLE IF EXISTS `friendship`;
/*!40101 SET @saved_cs_client     = @@character_set_client */;
/*!50503 SET character_set_client = utf8mb4 */;
CREATE TABLE `friendship` (
  `user_id` int unsigned NOT NULL,
  `friend_id` int unsigned NOT NULL,
  `status_id` int unsigned NOT NULL,
  `requested_at` datetime DEFAULT CURRENT_TIMESTAMP,
  `confirmed_at` datetime DEFAULT NULL,
  PRIMARY KEY (`user_id`,`friend_id`)
) ENGINE=InnoDB DEFAULT CHARSET=utf8 COLLATE=utf8_unicode_ci;
/*!40101 SET character_set_client = @saved_cs_client */;

--
-- Dumping data for table `friendship`
--

LOCK TABLES `friendship` WRITE;
/*!40000 ALTER TABLE `friendship` DISABLE KEYS */;
INSERT INTO `friendship` VALUES (1,1,101,'2020-04-21 20:09:51','2010-11-06 14:24:48'),(2,2,102,'2019-03-24 20:48:20','2018-02-15 02:48:25'),(3,3,104,'2015-08-09 03:46:14','2013-05-05 12:44:32'),(4,4,101,'2019-07-23 03:31:54','2016-01-04 17:50:32'),(5,5,102,'2019-12-20 17:56:37','2015-10-29 00:31:05'),(6,6,104,'2016-04-25 02:45:07','2017-09-27 06:47:38'),(7,7,101,'2018-05-06 01:57:25','2010-08-28 05:50:46'),(8,8,102,'2017-12-24 11:44:55','2012-05-27 10:30:26'),(9,9,104,'2014-05-07 17:03:01','2015-03-28 01:08:48'),(10,10,101,'2013-09-18 15:34:43','2015-04-01 00:28:00'),(11,11,102,'2014-11-28 23:07:49','2018-05-05 05:31:52'),(12,12,104,'2017-05-08 23:42:46','2012-12-30 23:20:35'),(13,13,101,'2010-12-21 09:52:18','2015-04-14 13:17:45'),(14,14,102,'2015-01-07 04:23:43','2015-12-29 21:25:36'),(15,15,104,'2014-02-18 09:56:22','2012-03-26 20:57:56'),(16,16,101,'2016-05-21 22:14:31','2015-10-26 14:02:13'),(17,17,102,'2016-10-25 05:38:32','2019-09-28 09:43:11'),(18,18,104,'2012-11-03 13:31:06','2011-10-30 04:34:03'),(19,19,101,'2019-10-23 21:32:34','2015-04-10 03:50:51'),(20,20,102,'2018-06-21 08:12:34','2015-10-31 16:21:45'),(21,21,104,'2017-05-14 22:37:54','2015-10-09 20:59:51'),(22,22,101,'2016-12-19 21:08:39','2014-05-06 09:53:13'),(23,23,102,'2019-11-09 07:36:42','2015-08-11 02:06:31'),(24,24,104,'2019-10-26 22:56:49','2020-01-01 22:44:37'),(25,25,101,'2019-12-01 03:21:50','2014-01-30 00:44:10'),(26,26,102,'2019-03-21 21:29:58','2016-12-25 16:06:27'),(27,27,104,'2012-07-14 23:53:24','2020-04-10 20:52:38'),(28,28,101,'2017-02-01 19:54:36','2019-04-26 17:34:13'),(29,29,102,'2017-03-27 16:59:57','2019-12-18 09:35:38'),(30,30,104,'2017-08-03 13:43:56','2018-11-29 06:36:40'),(31,31,101,'2018-04-15 14:04:42','2019-05-05 15:26:35'),(32,32,102,'2013-08-14 10:02:17','2016-08-26 11:51:52'),(33,33,104,'2013-01-26 18:01:33','2014-02-16 12:32:16'),(34,34,101,'2013-05-28 09:55:35','2019-03-23 03:33:08'),(35,35,102,'2015-08-08 07:26:12','2018-08-11 01:38:27'),(36,36,104,'2018-02-15 07:48:40','2017-08-08 20:09:45'),(37,37,101,'2010-12-14 14:53:11','2014-10-18 01:40:18'),(38,38,102,'2017-12-10 13:44:10','2018-10-18 23:20:18'),(39,39,104,'2016-07-09 11:58:47','2011-10-11 03:28:46'),(40,40,101,'2016-10-18 07:24:05','2018-05-19 14:54:41'),(41,41,102,'2012-12-31 18:23:44','2018-05-25 12:32:38'),(42,42,104,'2016-04-02 01:51:18','2018-10-10 13:06:03'),(43,43,101,'2012-07-09 01:08:58','2011-06-30 01:51:51'),(44,44,102,'2020-03-15 12:17:32','2019-06-27 13:27:17'),(45,45,104,'2017-07-28 03:28:58','2011-02-26 15:56:57'),(46,46,101,'2015-09-14 17:18:17','2016-05-10 09:30:53'),(47,47,102,'2012-01-27 05:16:06','2018-11-10 02:19:28'),(48,48,104,'2012-05-03 10:35:51','2012-03-22 04:11:03'),(49,49,101,'2019-01-02 20:55:01','2013-03-12 06:33:07'),(50,50,102,'2017-02-04 14:40:46','2012-02-01 06:23:14'),(51,51,104,'2013-11-04 15:29:49','2016-07-14 22:41:49'),(52,52,101,'2011-02-23 02:45:15','2011-03-19 21:54:31'),(53,53,102,'2010-12-26 12:49:39','2015-04-13 16:49:12'),(54,54,104,'2019-12-01 22:33:21','2011-11-24 11:34:19'),(55,55,101,'2015-03-10 16:33:21','2011-08-15 00:28:04'),(56,56,102,'2014-03-02 19:27:23','2018-01-10 14:21:34'),(57,57,104,'2012-09-22 02:45:20','2019-06-10 09:49:07'),(58,58,101,'2013-10-25 04:30:45','2011-11-26 10:06:31'),(59,59,102,'2018-08-02 03:06:01','2010-05-19 12:09:10'),(60,60,104,'2019-06-15 22:22:04','2019-04-23 19:17:15'),(61,61,101,'2011-11-19 12:50:56','2014-11-30 09:57:33'),(62,62,102,'2019-11-27 15:22:06','2010-11-28 17:06:12'),(63,63,104,'2013-03-23 07:49:46','2013-11-10 21:24:41'),(64,64,101,'2019-02-11 10:51:58','2013-07-21 20:52:23'),(65,65,102,'2019-02-10 22:44:44','2010-11-24 20:13:29'),(66,66,104,'2011-09-22 03:49:08','2015-06-09 23:44:56'),(67,67,101,'2016-12-20 13:12:54','2010-09-19 23:06:27'),(68,68,102,'2018-11-05 09:49:22','2015-07-28 16:19:43'),(69,69,104,'2017-10-12 09:17:02','2012-04-20 06:34:24'),(70,70,101,'2020-01-27 22:34:34','2013-06-29 01:56:54'),(71,71,102,'2018-03-13 14:28:01','2016-07-17 15:22:22'),(72,72,104,'2015-07-15 16:56:40','2017-06-23 04:17:20'),(73,73,101,'2019-03-19 15:19:18','2019-12-12 02:31:24'),(74,74,102,'2015-10-20 04:46:54','2019-06-15 03:27:50'),(75,75,104,'2017-12-23 23:43:03','2016-07-03 07:23:51'),(76,76,101,'2012-03-21 06:51:40','2019-05-12 22:45:32'),(77,77,102,'2014-04-14 23:32:56','2018-11-06 07:08:19'),(78,78,104,'2014-06-10 01:36:31','2018-11-24 03:53:06'),(79,79,101,'2012-11-23 20:09:55','2014-10-13 20:49:46'),(80,80,102,'2013-08-24 23:57:52','2014-03-11 21:27:19'),(81,81,104,'2012-03-03 13:43:11','2012-08-02 04:12:40'),(82,82,101,'2010-09-02 05:30:08','2012-07-03 10:13:06'),(83,83,102,'2017-07-25 00:05:27','2010-05-01 11:40:05'),(84,84,104,'2013-04-23 07:08:39','2018-04-14 10:58:59'),(85,85,101,'2019-08-19 01:31:52','2016-07-22 16:28:33'),(86,86,102,'2013-02-08 21:59:34','2019-01-24 12:41:55'),(87,87,104,'2012-06-11 13:57:06','2010-05-26 18:42:03'),(88,88,101,'2017-10-17 23:06:34','2017-08-18 07:43:04'),(89,89,102,'2014-04-08 17:50:38','2011-06-03 04:50:01'),(90,90,104,'2019-01-27 05:43:05','2019-11-25 21:22:25'),(91,91,101,'2018-03-12 07:46:01','2015-09-03 06:37:16'),(92,92,102,'2014-07-12 14:13:18','2013-05-16 11:35:55'),(93,93,104,'2011-10-29 20:36:59','2013-05-06 01:10:01'),(94,94,101,'2011-10-24 11:20:03','2013-01-20 08:10:05'),(95,95,102,'2019-06-07 01:30:53','2011-07-23 07:05:48'),(96,96,104,'2010-10-28 02:35:44','2011-12-22 02:19:01'),(97,97,101,'2019-05-12 12:37:54','2012-05-20 10:39:37'),(98,98,102,'2015-11-19 07:04:13','2016-11-23 07:00:49'),(99,99,104,'2016-08-27 07:21:13','2012-09-06 13:14:42'),(100,100,101,'2019-08-13 03:12:23','2012-04-02 03:36:16');
/*!40000 ALTER TABLE `friendship` ENABLE KEYS */;
UNLOCK TABLES;

--
-- Table structure for table `friendship_statuses`
--

DROP TABLE IF EXISTS `friendship_statuses`;
/*!40101 SET @saved_cs_client     = @@character_set_client */;
/*!50503 SET character_set_client = utf8mb4 */;
CREATE TABLE `friendship_statuses` (
  `id` int unsigned NOT NULL AUTO_INCREMENT,
  `name` varchar(150) CHARACTER SET utf8 COLLATE utf8_unicode_ci NOT NULL,
  PRIMARY KEY (`id`),
  UNIQUE KEY `name` (`name`)
) ENGINE=InnoDB AUTO_INCREMENT=201 DEFAULT CHARSET=utf8 COLLATE=utf8_unicode_ci;
/*!40101 SET character_set_client = @saved_cs_client */;

--
-- Dumping data for table `friendship_statuses`
--

LOCK TABLES `friendship_statuses` WRITE;
/*!40000 ALTER TABLE `friendship_statuses` DISABLE KEYS */;
INSERT INTO `friendship_statuses` VALUES (102,' failure'),(101,' in waiting'),(104,'confirmed');
/*!40000 ALTER TABLE `friendship_statuses` ENABLE KEYS */;
UNLOCK TABLES;

--
-- Table structure for table `media`
--

DROP TABLE IF EXISTS `media`;
/*!40101 SET @saved_cs_client     = @@character_set_client */;
/*!50503 SET character_set_client = utf8mb4 */;
CREATE TABLE `media` (
  `id` int unsigned NOT NULL AUTO_INCREMENT,
  `user_id` int unsigned NOT NULL,
  `filename` varchar(255) CHARACTER SET utf8 COLLATE utf8_unicode_ci NOT NULL,
  `size` int NOT NULL,
  `metadata` longtext CHARACTER SET utf8mb4 COLLATE utf8mb4_bin,
  `media_type_id` int unsigned NOT NULL,
  `created_at` datetime DEFAULT CURRENT_TIMESTAMP,
  `updated_at` datetime DEFAULT CURRENT_TIMESTAMP ON UPDATE CURRENT_TIMESTAMP,
  PRIMARY KEY (`id`)
) ENGINE=InnoDB AUTO_INCREMENT=101 DEFAULT CHARSET=utf8 COLLATE=utf8_unicode_ci;
/*!40101 SET character_set_client = @saved_cs_client */;

--
-- Dumping data for table `media`
--

LOCK TABLES `media` WRITE;
/*!40000 ALTER TABLE `media` DISABLE KEYS */;
INSERT INTO `media` VALUES (1,1,'debitis',20708245,'mp4s',101,'1979-02-15 08:21:17','2002-08-29 13:40:40'),(2,2,'omnis',893747170,'x3dv',103,'2001-01-22 21:51:02','1984-04-21 09:08:48'),(3,3,'quia',1571781,'svg',106,'1993-10-31 08:17:14','2011-03-20 07:57:01'),(4,4,'totam',0,'gtw',101,'1977-09-30 20:33:03','2019-02-18 01:43:57'),(5,5,'optio',88597438,'xar',103,'1996-08-13 04:16:30','1994-08-08 17:43:22'),(6,6,'fugit',4871064,'oti',106,'1998-03-21 14:43:56','1987-09-15 02:22:18'),(7,7,'aliquid',74132,'xz',101,'2002-10-25 00:40:36','1996-08-26 21:15:27'),(8,8,'modi',4220,'dotx',103,'2000-08-01 19:32:22','1985-11-02 04:41:05'),(9,9,'libero',8854,'wmz',106,'2014-06-22 13:00:53','2018-07-12 02:06:21'),(10,10,'veniam',79,'vcx',101,'2019-04-26 04:31:36','2013-10-13 00:37:57'),(11,11,'quis',8463,'igl',103,'2004-06-07 08:25:34','1979-08-30 19:55:21'),(12,12,'dolor',584579538,'cpio',106,'2009-10-23 17:18:26','1984-08-02 14:12:10'),(13,13,'aliquid',0,'xsm',101,'2011-02-01 23:56:43','1992-01-02 12:51:59'),(14,14,'vitae',599405,'lrm',103,'1989-07-05 18:44:41','2012-01-15 01:35:06'),(15,15,'corporis',717776641,'htke',106,'1999-10-25 12:24:59','1998-06-07 13:55:01'),(16,16,'omnis',430625,'3ds',101,'1990-01-13 06:10:17','1976-09-26 22:27:15'),(17,17,'repellendus',6949077,'dsc',103,'1990-01-10 22:07:27','2004-01-12 03:13:54'),(18,18,'quo',52,'weba',106,'1992-09-12 17:42:18','2009-09-15 04:47:53'),(19,19,'saepe',62,'oti',101,'1972-07-17 21:22:24','1990-08-06 17:58:04'),(20,20,'et',80,'blb',103,'2018-10-16 23:14:37','1990-05-05 00:53:35'),(21,21,'iusto',431,'ott',106,'1972-12-22 05:54:50','2019-05-08 02:40:07'),(22,22,'ut',493752293,'ez3',101,'1993-04-02 11:34:32','2002-10-06 16:00:09'),(23,23,'fugit',61511276,'odft',103,'2013-10-28 21:38:03','2004-02-07 23:27:01'),(24,24,'ea',719903,'ufd',106,'1990-08-25 17:52:49','2015-07-01 16:28:34'),(25,25,'omnis',654837,'xdm',101,'1971-11-09 10:14:35','1972-02-10 21:49:22'),(26,26,'asperiores',79362,'fst',103,'1987-04-26 21:24:03','1972-06-05 08:36:50'),(27,27,'nostrum',5,'pic',106,'1998-05-21 10:49:40','1998-04-23 06:42:53'),(28,28,'praesentium',1327,'potm',101,'2005-12-02 03:51:12','1981-03-27 23:25:34'),(29,29,'illo',0,'torrent',103,'2008-05-02 12:56:26','2010-07-24 00:09:11'),(30,30,'quae',691906,'xdf',106,'1996-09-26 01:42:16','1973-08-18 00:39:55'),(31,31,'consectetur',89,'xlsb',101,'2005-10-07 02:33:50','1973-09-15 05:23:13'),(32,32,'voluptatem',31406,'ttf',103,'1995-03-28 20:55:57','1996-04-14 18:59:44'),(33,33,'dignissimos',87405983,'sfv',106,'1996-05-06 01:52:05','2020-01-14 22:18:46'),(34,34,'ipsum',0,'weba',101,'2019-01-26 15:40:49','2005-10-05 01:45:44'),(35,35,'praesentium',614388,'org',103,'1973-11-18 19:26:42','2018-08-21 20:29:33'),(36,36,'non',397288,'mka',106,'1970-09-12 04:32:28','1998-06-03 06:06:47'),(37,37,'molestias',0,'pcx',101,'2013-08-05 00:40:55','2010-08-03 00:56:34'),(38,38,'architecto',14721,'tmo',103,'2007-09-22 13:18:13','1975-02-07 13:23:09'),(39,39,'unde',7870,'gca',106,'1996-06-24 01:22:46','2009-12-11 20:13:33'),(40,40,'facilis',0,'wmlc',101,'1993-08-31 17:22:07','1979-08-01 15:53:31'),(41,41,'at',0,'sitx',103,'2008-02-25 14:44:44','1994-07-27 09:38:33'),(42,42,'pariatur',11,'sv4cpio',106,'1999-04-26 16:19:16','2009-02-16 14:39:05'),(43,43,'sapiente',58231,'mmr',101,'2018-01-07 15:54:01','1996-06-30 09:40:36'),(44,44,'dolor',39583,'sub',103,'2015-06-22 02:02:13','2014-10-02 16:01:18'),(45,45,'et',5242477,'mdb',106,'1987-09-01 17:03:32','2014-11-11 06:24:42'),(46,46,'corrupti',9,'ppsm',101,'1992-04-25 11:52:20','2012-08-04 18:32:59'),(47,47,'aspernatur',21390028,'uvvt',103,'1984-08-12 17:25:14','1991-06-26 13:49:37'),(48,48,'deserunt',445964724,'swf',106,'1995-10-08 00:49:59','1975-12-19 12:54:50'),(49,49,'nihil',6250055,'uvu',101,'2016-01-31 10:26:28','1986-02-26 18:48:43'),(50,50,'voluptate',357000,'ttl',103,'1972-06-05 13:21:23','2014-08-17 19:03:57'),(51,51,'corporis',12511,'flv',106,'1984-12-12 12:02:56','2013-07-02 13:19:17'),(52,52,'omnis',630,'p',101,'1986-01-11 16:11:59','1972-05-30 16:25:39'),(53,53,'placeat',0,'uoml',103,'1983-10-20 20:15:47','1996-04-18 06:31:54'),(54,54,'voluptatem',70,'fly',106,'1980-10-14 06:13:02','2017-03-06 11:26:40'),(55,55,'facere',45361,'x3dv',101,'2011-09-07 08:25:15','1992-02-06 06:45:22'),(56,56,'et',88,'otg',103,'2015-02-18 12:51:41','2011-08-23 02:22:34'),(57,57,'iste',816828,'gtar',106,'2011-05-21 00:37:07','2007-07-25 00:12:09'),(58,58,'fugit',52076,'djv',101,'1990-05-20 10:17:10','1978-12-25 21:23:05'),(59,59,'totam',899701,'cap',103,'2007-11-18 04:22:57','1983-05-05 13:38:16'),(60,60,'ab',258,'uvt',106,'1982-02-21 18:10:22','1973-01-06 14:29:04'),(61,61,'nihil',410724,'sit',101,'2019-11-22 19:49:51','1975-12-28 21:32:43'),(62,62,'quod',25634680,'3g2',103,'2013-01-05 23:07:56','2000-11-28 00:51:38'),(63,63,'id',770,'sse',106,'1995-05-04 20:41:45','1978-08-02 03:54:31'),(64,64,'nisi',95158541,'dotm',101,'1997-10-29 10:43:50','1977-09-04 18:44:36'),(65,65,'ea',8,'rar',103,'2016-08-13 05:10:40','2016-12-03 16:04:42'),(66,66,'ea',7518560,'dcurl',106,'2019-02-25 05:33:40','1994-12-23 07:19:00'),(67,67,'libero',0,'itp',101,'2014-10-30 16:35:42','1982-02-26 18:58:27'),(68,68,'dicta',0,'uva',103,'2009-02-14 20:49:38','1994-10-08 17:44:08'),(69,69,'aspernatur',6248,'kpr',106,'1992-10-06 04:33:02','1995-03-16 08:23:28'),(70,70,'doloremque',1386,'mods',101,'1972-02-01 13:39:53','1982-12-31 20:57:24'),(71,71,'et',5,'otc',103,'2002-02-09 01:43:35','2002-12-12 10:54:48'),(72,72,'illum',229783499,'csh',106,'1989-07-21 13:23:29','1980-08-06 17:46:09'),(73,73,'corrupti',6007529,'semd',101,'1991-05-25 02:31:55','1981-08-01 20:50:15'),(74,74,'eaque',964,'rip',103,'1972-02-23 05:44:25','2004-08-15 03:21:40'),(75,75,'harum',7038,'ulx',106,'1998-11-19 01:24:07','2000-09-15 19:05:12'),(76,76,'dicta',86,'mlp',101,'2007-03-08 15:11:33','1992-03-04 15:43:46'),(77,77,'maiores',291734372,'3g2',103,'2004-01-12 18:18:19','1978-12-22 23:02:39'),(78,78,'quod',2275,'js',106,'2009-04-02 18:23:41','2005-08-18 06:40:00'),(79,79,'dolore',497570442,'cryptonote',101,'1987-05-03 16:10:25','2018-01-18 23:18:29'),(80,80,'numquam',0,'skt',103,'1990-03-31 07:18:58','1992-09-19 21:17:54'),(81,81,'vitae',78312,'xslt',106,'1989-12-11 16:04:20','1973-07-07 03:50:36'),(82,82,'ut',3681056,'xdf',101,'2001-01-31 17:12:42','1996-05-05 23:25:37'),(83,83,'aut',2,'mmf',103,'2009-12-03 13:32:20','2017-10-11 17:49:24'),(84,84,'libero',655,'pki',106,'2003-12-30 21:33:14','1999-08-08 12:02:27'),(85,85,'numquam',7472,'pnm',101,'2001-08-10 09:49:52','1996-08-26 18:09:52'),(86,86,'placeat',59,'unityweb',103,'2012-11-15 14:05:31','1981-12-02 10:25:25'),(87,87,'enim',0,'mka',106,'1979-04-17 14:47:26','1993-05-15 08:25:55'),(88,88,'quas',25,'uris',101,'1980-12-21 10:52:52','1978-12-17 23:44:08'),(89,89,'rerum',76,'pnm',103,'1983-12-24 13:41:33','1994-11-04 16:59:26'),(90,90,'perferendis',971996,'gramps',106,'1979-04-04 01:38:48','1978-10-08 04:23:47'),(91,91,'explicabo',23443,'mime',101,'1998-10-15 21:52:16','2002-05-12 02:34:37'),(92,92,'voluptatem',113,'djvu',103,'2020-02-18 05:56:47','2004-01-06 00:28:42'),(93,93,'id',593465748,'iso',106,'2006-10-14 16:29:33','1981-03-05 02:50:48'),(94,94,'veniam',1086,'ris',101,'1984-10-08 10:21:21','1971-03-10 01:15:23'),(95,95,'sed',7,'xsm',103,'2018-04-20 16:57:03','2000-12-11 20:54:33'),(96,96,'saepe',882441,'dll',106,'2011-02-26 02:35:23','2007-08-30 03:09:27'),(97,97,'voluptatem',0,'docm',101,'1977-11-27 23:03:34','1974-09-04 05:27:04'),(98,98,'molestiae',217,'sh',103,'2014-07-04 21:58:47','2001-03-19 10:21:21'),(99,99,'nobis',443,'fe_launch',106,'1984-01-06 06:29:24','1976-04-21 09:08:42'),(100,100,'quaerat',8,'blorb',101,'2013-05-24 13:54:26','1975-10-06 19:40:15');
/*!40000 ALTER TABLE `media` ENABLE KEYS */;
UNLOCK TABLES;

--
-- Table structure for table `media_types`
--

DROP TABLE IF EXISTS `media_types`;
/*!40101 SET @saved_cs_client     = @@character_set_client */;
/*!50503 SET character_set_client = utf8mb4 */;
CREATE TABLE `media_types` (
  `id` int unsigned NOT NULL AUTO_INCREMENT,
  `name` varchar(255) CHARACTER SET utf8 COLLATE utf8_unicode_ci NOT NULL,
  PRIMARY KEY (`id`),
  UNIQUE KEY `name` (`name`)
) ENGINE=InnoDB AUTO_INCREMENT=201 DEFAULT CHARSET=utf8 COLLATE=utf8_unicode_ci;
/*!40101 SET character_set_client = @saved_cs_client */;

--
-- Dumping data for table `media_types`
--

LOCK TABLES `media_types` WRITE;
/*!40000 ALTER TABLE `media_types` DISABLE KEYS */;
INSERT INTO `media_types` VALUES (106,'audio'),(101,'image'),(103,'video');
/*!40000 ALTER TABLE `media_types` ENABLE KEYS */;
UNLOCK TABLES;

--
-- Table structure for table `messages`
--

DROP TABLE IF EXISTS `messages`;
/*!40101 SET @saved_cs_client     = @@character_set_client */;
/*!50503 SET character_set_client = utf8mb4 */;
CREATE TABLE `messages` (
  `id` int unsigned NOT NULL AUTO_INCREMENT,
  `from_user_id` int unsigned NOT NULL,
  `to_user_id` int unsigned NOT NULL,
  `body` text CHARACTER SET utf8 COLLATE utf8_unicode_ci NOT NULL,
  `is_important` tinyint(1) DEFAULT NULL,
  `is_delivered` tinyint(1) DEFAULT NULL,
  `created_at` datetime DEFAULT CURRENT_TIMESTAMP,
  PRIMARY KEY (`id`)
) ENGINE=InnoDB AUTO_INCREMENT=101 DEFAULT CHARSET=utf8 COLLATE=utf8_unicode_ci;
/*!40101 SET character_set_client = @saved_cs_client */;

--
-- Dumping data for table `messages`
--

LOCK TABLES `messages` WRITE;
/*!40000 ALTER TABLE `messages` DISABLE KEYS */;
INSERT INTO `messages` VALUES (1,1,1,'Sint laboriosam hic iure quos inventore eos.',0,0,'2017-04-20 13:45:28'),(2,2,2,'In qui dolor sed veritatis voluptatem aliquam.',0,1,'2016-02-17 18:20:14'),(3,3,3,'Vitae rem hic quaerat.',0,0,'2010-09-23 21:54:23'),(4,4,4,'At amet sed eligendi pariatur reiciendis.',0,1,'2015-04-18 13:25:40'),(5,5,5,'In aliquam nihil vel non voluptates.',1,0,'2013-12-05 23:15:45'),(6,6,6,'Libero maiores quis sit dolores ipsum.',1,0,'2011-05-31 06:57:45'),(7,7,7,'Maxime optio eum perspiciatis.',0,1,'2018-11-15 08:59:57'),(8,8,8,'Sed dolor saepe impedit quisquam quasi labore quia.',1,1,'2012-08-20 02:00:29'),(9,9,9,'Et est beatae nulla.',0,1,'2016-04-06 02:26:32'),(10,10,10,'Accusantium pariatur facere quia qui qui molestias.',0,0,'2017-10-23 09:39:53'),(11,11,11,'Modi omnis reiciendis omnis qui in illo cumque mollitia.',0,0,'2016-04-02 05:21:49'),(12,12,12,'Repudiandae et quam aut quod est animi repellendus.',0,0,'2016-02-16 09:45:17'),(13,13,13,'Perspiciatis consequatur soluta qui.',0,0,'2014-08-01 03:24:23'),(14,14,14,'Fugiat voluptatibus corrupti provident quibusdam praesentium qui neque.',0,0,'2019-04-14 03:27:30'),(15,15,15,'Tempora laudantium illo officiis quisquam et facere sit.',0,0,'2015-10-11 19:49:09'),(16,16,16,'Rem labore asperiores inventore voluptatem.',1,0,'2011-10-18 09:30:30'),(17,17,17,'Nostrum odit suscipit cum dolore dignissimos occaecati.',1,0,'2013-06-06 17:57:24'),(18,18,18,'Fugiat dolor ullam est corporis id.',0,1,'2020-02-20 06:18:41'),(19,19,19,'Ut corrupti dolore delectus minima sapiente in eos.',0,0,'2013-02-09 04:14:10'),(20,20,20,'Harum sit provident eaque aperiam quaerat voluptas libero omnis.',0,0,'2011-11-13 07:13:38'),(21,21,21,'Fugit quibusdam non adipisci recusandae amet.',0,1,'2010-07-04 04:50:09'),(22,22,22,'Libero dolore fugiat rerum iure quo illum vel.',0,0,'2017-12-05 07:39:27'),(23,23,23,'Qui voluptas eos aut mollitia repellendus.',0,1,'2019-03-24 23:06:05'),(24,24,24,'Distinctio magni ut inventore cupiditate veniam ipsam sunt.',1,0,'2015-02-16 13:34:19'),(25,25,25,'Qui tempora illum omnis non eum.',0,1,'2016-02-14 12:35:25'),(26,26,26,'Et neque mollitia sed beatae qui ipsa.',1,1,'2018-04-17 02:36:33'),(27,27,27,'Odit quaerat voluptas dolorem vero debitis.',1,1,'2012-06-26 21:20:57'),(28,28,28,'Repellat iste ut voluptatem vel ut nulla voluptatem.',0,1,'2018-01-17 02:05:28'),(29,29,29,'Quaerat eaque vel et.',1,0,'2017-02-11 05:34:10'),(30,30,30,'Temporibus et totam ut ut quas.',1,0,'2019-12-31 17:41:49'),(31,31,31,'Quasi aut reprehenderit assumenda repellat.',1,1,'2019-09-04 03:46:23'),(32,32,32,'Omnis velit eligendi corrupti ducimus perspiciatis.',1,0,'2012-08-19 13:57:34'),(33,33,33,'Quia dolorem aut id.',0,1,'2018-11-10 01:52:55'),(34,34,34,'Laboriosam aut aut quis repudiandae est.',1,1,'2017-07-26 15:15:59'),(35,35,35,'Asperiores aut inventore cum explicabo illum occaecati at voluptas.',0,0,'2019-06-14 12:51:33'),(36,36,36,'Dolorem earum eum voluptatem laborum laudantium dicta.',0,1,'2017-06-17 07:12:09'),(37,37,37,'Dolor nihil voluptas fugit.',0,0,'2012-04-02 12:39:27'),(38,38,38,'Reprehenderit aliquid optio et ut iste assumenda.',1,1,'2016-04-16 11:49:20'),(39,39,39,'Et quam unde optio suscipit quibusdam ea vel.',1,0,'2010-07-12 08:37:48'),(40,40,40,'Impedit voluptatum animi aut voluptatibus debitis.',0,0,'2016-03-19 01:14:10'),(41,41,41,'Rerum recusandae modi ad ut.',0,0,'2010-05-16 21:01:02'),(42,42,42,'Modi fugit recusandae est quaerat natus a fugit quisquam.',1,0,'2013-07-16 05:08:09'),(43,43,43,'Ducimus illo error consequatur soluta ducimus esse ducimus distinctio.',0,1,'2013-12-30 04:31:00'),(44,44,44,'Deserunt aut praesentium aspernatur cumque cupiditate nemo neque.',1,1,'2018-02-06 11:09:28'),(45,45,45,'Dolore id ut aliquid sint.',1,0,'2020-01-18 22:10:21'),(46,46,46,'Adipisci tenetur sequi qui beatae eum magni aperiam.',0,1,'2016-11-08 00:40:04'),(47,47,47,'Et aut dolores non aut sunt dicta numquam et.',1,0,'2010-10-20 09:23:48'),(48,48,48,'Nobis enim cum nihil praesentium perferendis.',1,1,'2011-11-16 04:52:32'),(49,49,49,'Et cumque ut aut dolores et alias.',1,0,'2010-12-23 20:36:34'),(50,50,50,'Corrupti iusto quis et.',0,0,'2020-03-21 20:49:54'),(51,51,51,'Qui perspiciatis quod sed quae in sed.',1,1,'2017-03-21 12:37:20'),(52,52,52,'Qui dolorum ratione soluta et vel illum excepturi impedit.',0,1,'2018-11-22 14:37:38'),(53,53,53,'Corrupti necessitatibus vel vel dolorum repudiandae commodi vel.',0,1,'2012-10-04 08:23:11'),(54,54,54,'Eum sint aut sit id molestias.',1,0,'2014-03-15 16:54:37'),(55,55,55,'Aperiam fugiat vero ut et maiores.',1,1,'2011-12-06 22:35:18'),(56,56,56,'Ut sint aspernatur et dolore quia ullam voluptatibus.',1,1,'2013-08-26 03:25:38'),(57,57,57,'Fugiat ut porro sed ut suscipit voluptatum.',1,0,'2017-11-24 00:25:57'),(58,58,58,'Enim sed modi ut consequuntur accusamus architecto voluptatum.',0,0,'2018-07-28 23:25:38'),(59,59,59,'Quia et dolorem laboriosam eos cumque.',0,1,'2017-10-01 10:09:58'),(60,60,60,'Nesciunt error ab nesciunt dolorum.',0,0,'2018-08-21 20:20:06'),(61,61,61,'Corrupti voluptas quos consectetur ipsa in corrupti.',0,0,'2011-11-12 05:56:16'),(62,62,62,'Blanditiis deserunt aliquam sit quam.',1,0,'2018-05-13 05:01:08'),(63,63,63,'Aperiam quibusdam eum quis mollitia.',0,0,'2010-05-09 05:51:13'),(64,64,64,'Perspiciatis nihil dicta facere autem.',0,1,'2016-11-20 20:16:57'),(65,65,65,'Sit illum sed libero.',0,0,'2018-04-26 00:37:20'),(66,66,66,'Accusantium tenetur hic quas natus harum.',0,1,'2013-05-29 17:16:13'),(67,67,67,'Suscipit maxime debitis quia esse.',1,0,'2019-10-10 07:44:54'),(68,68,68,'Omnis reiciendis laboriosam dolor quia fugit culpa.',0,0,'2013-01-29 17:21:01'),(69,69,69,'Aut pariatur perspiciatis reiciendis rem temporibus.',0,0,'2010-10-21 09:43:03'),(70,70,70,'Beatae deserunt facere sit omnis aut ut ea.',1,1,'2016-08-12 17:50:40'),(71,71,71,'Quaerat perspiciatis aut possimus ut illo cumque vitae.',1,1,'2020-04-13 12:11:56'),(72,72,72,'Autem eligendi consequatur voluptas molestias voluptates.',1,1,'2015-11-01 10:10:15'),(73,73,73,'Laborum culpa est eveniet possimus dolore.',0,1,'2016-10-18 03:45:09'),(74,74,74,'Autem unde minima unde et.',1,1,'2018-03-16 16:53:59'),(75,75,75,'Amet aliquid ex harum impedit sunt.',0,0,'2015-05-26 14:10:28'),(76,76,76,'Est amet dolores consequatur enim nobis.',1,1,'2018-05-31 11:37:13'),(77,77,77,'Cumque sequi expedita ducimus sit mollitia.',1,0,'2010-05-10 06:46:07'),(78,78,78,'Omnis odit saepe quidem dicta enim dolorum.',0,0,'2014-07-17 05:53:00'),(79,79,79,'Similique qui iste et culpa similique vel debitis.',1,0,'2019-01-15 16:58:42'),(80,80,80,'Fugiat sit voluptate officiis repudiandae ut rerum.',1,0,'2018-07-03 04:28:38'),(81,81,81,'Libero vero nostrum est ea facere reiciendis.',0,1,'2014-03-05 17:37:38'),(82,82,82,'Ipsa non non qui aspernatur qui.',0,0,'2013-01-21 08:31:26'),(83,83,83,'Minus iure maiores et rerum.',1,1,'2018-02-11 01:54:47'),(84,84,84,'Eaque nisi commodi non quae sit dolor.',1,1,'2015-01-23 00:53:47'),(85,85,85,'Inventore inventore sit exercitationem accusamus rerum sunt.',0,1,'2014-09-11 06:08:17'),(86,86,86,'Labore soluta aut enim cupiditate quia ducimus non aliquam.',0,0,'2011-11-23 19:54:44'),(87,87,87,'Consequuntur aut rem iusto sed.',1,1,'2011-11-09 10:00:30'),(88,88,88,'Quod rerum hic est expedita ut dignissimos.',0,0,'2019-07-13 18:40:51'),(89,89,89,'Officiis voluptate et nesciunt rem fugiat est.',1,0,'2011-01-30 10:05:08'),(90,90,90,'Temporibus aut dolor optio fuga minima.',1,1,'2016-05-22 20:08:42'),(91,91,91,'Harum delectus in aut earum.',0,1,'2013-09-13 00:22:47'),(92,92,92,'Placeat qui ea a consequuntur.',1,1,'2018-04-26 08:12:11'),(93,93,93,'Et sequi nulla natus ea ipsum.',0,0,'2019-09-23 18:01:34'),(94,94,94,'In et ut reiciendis et quae et.',0,0,'2011-07-08 11:57:19'),(95,95,95,'Odio qui molestiae similique modi.',0,1,'2014-07-06 16:56:21'),(96,96,96,'Nam expedita distinctio dolores vero.',1,1,'2013-01-02 14:55:29'),(97,97,97,'Omnis quidem consequatur ut qui.',1,0,'2011-01-27 03:15:40'),(98,98,98,'Odit quas repellendus porro quam totam omnis magni.',1,1,'2020-01-15 14:50:39'),(99,99,99,'Quibusdam voluptas voluptas magni molestiae amet iusto cum porro.',1,0,'2018-08-26 02:25:36'),(100,100,100,'Inventore eum quasi nemo illum iste enim.',1,0,'2019-09-27 06:30:04');
/*!40000 ALTER TABLE `messages` ENABLE KEYS */;
UNLOCK TABLES;

--
-- Table structure for table `profiles`
--

DROP TABLE IF EXISTS `profiles`;
/*!40101 SET @saved_cs_client     = @@character_set_client */;
/*!50503 SET character_set_client = utf8mb4 */;
CREATE TABLE `profiles` (
  `user_id` int unsigned NOT NULL,
  `gender` char(1) CHARACTER SET utf8 COLLATE utf8_unicode_ci NOT NULL,
  `birthday` date DEFAULT NULL,
  `city` varchar(130) CHARACTER SET utf8 COLLATE utf8_unicode_ci DEFAULT NULL,
  `country` varchar(130) CHARACTER SET utf8 COLLATE utf8_unicode_ci DEFAULT NULL,
  `created_at` datetime DEFAULT CURRENT_TIMESTAMP,
  `updated_at` datetime DEFAULT CURRENT_TIMESTAMP ON UPDATE CURRENT_TIMESTAMP,
  PRIMARY KEY (`user_id`)
) ENGINE=InnoDB DEFAULT CHARSET=utf8 COLLATE=utf8_unicode_ci;
/*!40101 SET character_set_client = @saved_cs_client */;

--
-- Dumping data for table `profiles`
--

LOCK TABLES `profiles` WRITE;
/*!40000 ALTER TABLE `profiles` DISABLE KEYS */;
INSERT INTO `profiles` VALUES (1,'w','1986-07-07','Spencerville','Vietnam','2019-07-24 13:53:20','2018-12-05 08:58:00'),(2,'w','2000-06-18','North Vickymouth','Slovenia','2017-03-17 12:29:04','2013-05-04 20:43:59'),(3,'w','1981-07-28','North Fletaport','British Indian Ocean Territory (Chagos Archipelago)','2018-10-10 17:20:32','2014-04-05 09:48:26'),(4,'w','2004-04-26','Juvenalton','Nauru','2019-11-30 23:30:16','2012-10-30 00:57:54'),(5,'w','1994-08-11','Onamouth','Namibia','2010-11-19 02:09:21','2012-07-25 08:48:37'),(6,'w','2019-09-27','Mannport','Cook Islands','2014-07-19 23:21:14','2014-09-16 07:10:11'),(7,'m','1978-04-26','Octaviaborough','Aruba','2018-10-10 20:40:12','2019-06-25 05:15:20'),(8,'w','1996-11-30','Xzavierton','Papua New Guinea','2015-12-06 15:16:55','2017-12-19 09:21:14'),(9,'w','2003-04-18','South Ellsworthfort','Indonesia','2015-01-27 04:27:45','2013-07-28 02:34:26'),(10,'m','1980-05-16','West Drewshire','United States of America','2013-04-17 09:58:36','2012-09-13 13:10:40'),(11,'m','2011-01-06','Connellychester','Comoros','2018-01-16 11:27:01','2014-11-14 17:36:33'),(12,'w','1973-12-07','Lake Colleen','Tonga','2015-08-02 01:23:37','2020-04-27 01:50:24'),(13,'m','2008-08-18','North Jermainview','Romania','2010-07-09 03:11:20','2018-08-14 18:27:54'),(14,'m','2008-05-21','Bodeland','Malawi','2016-08-07 09:07:01','2015-10-09 00:36:03'),(15,'w','2007-09-26','Michelleborough','Serbia','2013-12-23 21:19:25','2016-04-10 04:38:21'),(16,'w','1975-01-17','South Cleve','Poland','2019-03-04 00:30:45','2011-06-25 13:06:13'),(17,'w','1977-04-22','Aidastad','Andorra','2017-12-17 18:06:37','2014-03-23 13:02:40'),(18,'w','1985-05-20','Port Elianefort','Mauritius','2016-05-01 18:33:16','2016-12-11 11:41:00'),(19,'m','1977-05-05','Lake Tracyland','Micronesia','2017-11-17 13:08:32','2014-07-30 06:30:59'),(20,'w','1980-10-18','Lake Madelinemouth','Ecuador','2015-11-24 22:16:03','2012-12-11 18:42:48'),(21,'w','2008-11-13','Port Domingoview','Moldova','2019-02-23 11:51:02','2013-09-29 09:59:11'),(22,'w','1979-01-12','Lamontborough','French Polynesia','2017-05-13 21:56:27','2018-10-22 20:40:01'),(23,'m','1972-12-08','Boehmhaven','United Kingdom','2012-11-08 13:07:51','2019-12-08 08:22:45'),(24,'w','1990-10-08','Zacheryburgh','Bahrain','2010-07-08 23:01:24','2014-04-29 21:00:51'),(25,'m','2013-04-05','Mitchellbury','Sao Tome and Principe','2013-07-05 11:29:39','2016-01-16 17:39:52'),(26,'w','1976-07-23','Yundtton','Guatemala','2014-08-14 13:01:30','2019-11-30 20:57:27'),(27,'m','2006-10-21','Hardyfurt','Saint Martin','2013-04-08 21:22:09','2019-04-11 04:10:46'),(28,'m','1994-10-05','Julietton','Guatemala','2015-12-29 15:40:53','2014-09-06 21:05:38'),(29,'m','2010-05-31','East Lloyd','Georgia','2017-02-16 12:20:12','2018-04-03 00:03:45'),(30,'m','2012-04-07','North Kaylee','Liechtenstein','2012-03-04 03:54:14','2010-12-23 05:32:18'),(31,'m','2007-05-07','Madonnahaven','Ecuador','2019-08-02 21:26:52','2015-10-23 18:21:18'),(32,'m','2003-05-21','Elwinfurt','Taiwan','2010-07-07 02:07:49','2018-08-30 10:57:00'),(33,'w','1997-07-29','New Marcelle','Gibraltar','2018-09-12 23:21:32','2018-05-04 21:05:44'),(34,'m','1985-07-13','Rebachester','Marshall Islands','2014-07-18 08:24:35','2016-11-24 23:20:47'),(35,'w','1989-01-28','Runolfsdottirfurt','Italy','2012-03-16 09:52:11','2013-07-07 10:17:49'),(36,'w','1998-08-19','Mrazport','Tonga','2017-10-20 22:58:45','2014-03-28 06:42:04'),(37,'m','1991-02-27','Jaskolskiview','Hong Kong','2010-05-17 02:48:23','2013-08-13 00:35:06'),(38,'m','2001-01-06','Reynabury','Belarus','2020-04-07 16:41:41','2017-04-12 05:04:11'),(39,'w','2000-06-04','East Flossiestad','Indonesia','2012-12-23 11:40:27','2020-03-16 02:05:08'),(40,'w','1986-10-09','Port Newton','Jamaica','2019-08-01 12:08:17','2013-09-28 08:10:23'),(41,'w','1989-07-30','Port Davionhaven','Bhutan','2016-02-10 01:46:04','2010-11-02 03:20:40'),(42,'m','1980-07-08','Jarrellburgh','Tokelau','2015-05-10 17:34:57','2015-08-04 22:34:38'),(43,'m','1978-11-17','Runteport','Ireland','2015-01-28 15:09:35','2011-04-07 04:55:36'),(44,'m','1982-10-09','East Lisette','Seychelles','2015-04-22 01:14:52','2012-09-04 02:06:12'),(45,'w','2001-11-01','Gennarochester','Dominica','2013-03-21 09:46:35','2019-06-18 10:38:17'),(46,'m','2003-05-06','Willmsport','Nauru','2017-09-03 10:12:17','2014-10-10 02:46:41'),(47,'m','1999-03-07','Port Frederick','Thailand','2019-09-24 17:13:09','2018-10-02 02:46:54'),(48,'m','1998-07-23','Torpbury','Samoa','2013-03-18 10:15:11','2011-08-14 00:06:59'),(49,'m','1978-01-24','Harveybury','Armenia','2012-01-31 09:21:45','2013-08-19 14:49:33'),(50,'m','1989-11-24','Beattyhaven','Belize','2011-06-14 18:10:23','2010-10-29 06:50:13'),(51,'m','1997-01-24','Merleville','Greenland','2019-02-10 02:16:53','2016-03-25 14:18:45'),(52,'w','1981-11-12','West Brandy','Panama','2018-07-17 21:25:44','2019-01-09 04:47:31'),(53,'w','1976-03-05','Reingerport','Iceland','2016-05-08 09:53:27','2015-08-28 10:32:22'),(54,'w','1977-06-20','Jerdeville','Gabon','2011-04-04 17:19:42','2016-09-12 23:49:07'),(55,'m','1977-02-08','Mauricioton','Singapore','2011-03-23 03:40:14','2013-03-29 08:33:37'),(56,'m','1976-07-11','Charleyville','Benin','2011-12-02 18:05:00','2013-11-26 22:16:53'),(57,'m','1984-08-04','Rolfsonfort','Faroe Islands','2012-08-25 04:22:49','2013-01-29 09:51:37'),(58,'w','2009-01-12','Braunstad','Egypt','2017-03-07 00:30:25','2016-08-01 11:48:39'),(59,'m','2015-07-01','Dereckstad','Turks and Caicos Islands','2012-06-21 05:52:24','2017-12-11 10:41:00'),(60,'m','2015-03-02','Alberthastad','Bouvet Island (Bouvetoya)','2014-12-10 12:49:50','2019-06-18 17:52:41'),(61,'m','2002-11-23','Lake Rubymouth','Grenada','2012-02-21 08:15:35','2018-02-19 08:17:49'),(62,'w','2012-02-18','Port Louieport','Palau','2011-03-03 10:20:34','2010-12-13 08:06:53'),(63,'m','1988-10-27','North Adolfo','Saint Kitts and Nevis','2019-08-16 14:18:53','2019-12-15 04:40:05'),(64,'w','2010-06-16','Sabinachester','French Polynesia','2018-01-16 06:24:50','2017-10-24 16:21:51'),(65,'w','1980-03-31','Lake Maddisonfort','Guyana','2020-02-25 13:17:07','2012-10-08 23:48:55'),(66,'w','1979-01-09','Kristinland','Angola','2017-02-22 06:25:50','2017-05-26 05:11:58'),(67,'w','2007-10-23','Port Ena','Greenland','2010-07-18 13:23:01','2010-09-20 12:30:56'),(68,'w','2010-01-10','Littlemouth','Iran','2012-06-05 23:48:56','2016-10-28 17:27:45'),(69,'w','1979-06-21','Watsicatown','Mexico','2014-05-23 12:45:06','2018-02-27 23:02:11'),(70,'m','1987-06-20','Carterfort','Christmas Island','2011-10-03 10:50:00','2018-06-05 14:17:26'),(71,'w','2007-02-04','Loweville','Zimbabwe','2019-12-13 18:32:58','2017-12-16 09:38:16'),(72,'m','2020-01-13','Keaganshire','Romania','2018-02-05 00:03:21','2017-05-23 02:40:24'),(73,'w','2013-10-04','O\'Reillyfort','Philippines','2010-08-21 01:17:33','2012-02-29 02:08:43'),(74,'m','1972-03-06','South Patricia','Madagascar','2016-05-18 01:05:06','2016-05-12 14:19:23'),(75,'m','2002-03-09','Abrahamfort','Burkina Faso','2014-10-10 00:14:58','2014-03-30 13:40:58'),(76,'m','2014-11-13','New Lonnie','Dominican Republic','2015-10-23 23:17:21','2012-04-23 17:56:14'),(77,'m','2015-07-22','Port Porter','Mayotte','2010-12-01 19:56:20','2013-09-16 04:19:41'),(78,'m','2000-06-04','Jabarimouth','Sweden','2018-08-01 05:15:12','2017-08-23 22:37:06'),(79,'w','1992-05-02','Bridiemouth','Chile','2017-12-10 02:25:34','2011-06-10 12:43:49'),(80,'m','2006-11-20','Ricemouth','Montserrat','2014-08-21 21:43:49','2011-01-18 19:08:53'),(81,'m','1978-02-06','South Myrtie','Solomon Islands','2014-03-28 13:47:11','2014-10-05 21:12:47'),(82,'w','2016-09-30','Carrollville','Latvia','2016-10-23 23:19:34','2012-02-05 23:28:22'),(83,'w','1991-06-04','Port Vernafort','Niger','2017-10-27 07:07:31','2010-05-25 20:49:04'),(84,'w','1978-04-09','Brionnamouth','Portugal','2013-10-04 20:45:05','2014-11-15 02:18:31'),(85,'m','2013-09-28','West Dannieside','Myanmar','2017-02-19 17:59:51','2015-07-13 04:55:41'),(86,'w','1990-06-18','Stephanieburgh','Jamaica','2020-01-06 09:31:27','2015-01-13 15:49:10'),(87,'m','1996-10-22','Lilyanchester','Chile','2012-04-21 09:37:31','2013-06-07 01:15:39'),(88,'m','1988-04-21','Granthaven','Saint Martin','2013-07-26 11:43:20','2013-12-04 09:31:34'),(89,'m','1996-10-09','Ezekielton','Bahamas','2016-09-28 08:03:25','2018-01-23 20:39:25'),(90,'m','2004-01-22','Kellieborough','Grenada','2011-11-04 21:20:51','2010-11-01 23:48:56'),(91,'m','1970-03-30','South Clarissa','Malaysia','2012-02-05 22:16:17','2019-02-14 09:19:21'),(92,'w','2009-06-03','North Moises','Belgium','2019-10-13 00:37:22','2016-07-24 23:09:20'),(93,'w','1989-10-17','Port Sterlingberg','Malawi','2011-03-30 08:53:32','2014-12-23 05:20:31'),(94,'m','1979-12-09','Lake Joshuahbury','Heard Island and McDonald Islands','2017-08-13 21:36:59','2017-07-27 08:05:46'),(95,'m','2013-09-24','East Parker','Timor-Leste','2010-10-29 08:41:52','2020-04-22 19:06:40'),(96,'m','2017-10-11','Lake Aleen','Kiribati','2012-01-27 19:38:33','2011-02-26 10:39:50'),(97,'m','1976-07-16','West Sincere','Marshall Islands','2014-10-17 15:16:07','2010-08-29 21:21:57'),(98,'m','2018-04-01','South Mayra','Ecuador','2015-05-11 04:43:43','2014-12-13 14:14:59'),(99,'m','2000-08-13','New Antonettaside','Nicaragua','2012-02-06 10:11:56','2013-10-29 07:10:15'),(100,'m','1999-02-27','Carmelamouth','Liberia','2016-03-17 22:46:11','2020-01-12 03:02:31');
/*!40000 ALTER TABLE `profiles` ENABLE KEYS */;
UNLOCK TABLES;

--
-- Table structure for table `users`
--

DROP TABLE IF EXISTS `users`;
/*!40101 SET @saved_cs_client     = @@character_set_client */;
/*!50503 SET character_set_client = utf8mb4 */;
CREATE TABLE `users` (
  `id` int unsigned NOT NULL AUTO_INCREMENT,
  `first_name` varchar(100) CHARACTER SET utf8 COLLATE utf8_unicode_ci NOT NULL,
  `last_name` varchar(100) CHARACTER SET utf8 COLLATE utf8_unicode_ci NOT NULL,
  `email` varchar(100) CHARACTER SET utf8 COLLATE utf8_unicode_ci NOT NULL,
  `phone` varchar(100) CHARACTER SET utf8 COLLATE utf8_unicode_ci NOT NULL,
  `created_at` datetime DEFAULT CURRENT_TIMESTAMP,
  `updated_at` datetime DEFAULT CURRENT_TIMESTAMP ON UPDATE CURRENT_TIMESTAMP,
  PRIMARY KEY (`id`),
  UNIQUE KEY `email` (`email`),
  UNIQUE KEY `phone` (`phone`)
) ENGINE=InnoDB AUTO_INCREMENT=101 DEFAULT CHARSET=utf8 COLLATE=utf8_unicode_ci;
/*!40101 SET character_set_client = @saved_cs_client */;

--
-- Dumping data for table `users`
--

LOCK TABLES `users` WRITE;
/*!40000 ALTER TABLE `users` DISABLE KEYS */;
INSERT INTO `users` VALUES (1,'Brisa','Shanahan','darryl07@example.com','1-829-809-5025x3935','2015-07-25 12:38:01','2018-05-15 18:52:24'),(2,'Delmer','Funk','koby38@example.net','625.018.7001','2014-05-20 18:32:06','2019-03-03 18:40:56'),(3,'Keshaun','Brakus','conroy.osborne@example.com','567-691-6196','2011-05-24 06:22:41','2014-05-12 17:11:40'),(4,'Tess','Cassin','tlesch@example.net','550-923-7831x964','2016-06-08 16:40:07','2016-07-01 13:57:46'),(5,'Lafayette','Morissette','becker.marcus@example.com','+62(4)8016487181','2012-06-25 17:42:47','2016-11-07 10:50:20'),(6,'Kirk','Schroeder','uziemann@example.net','1-820-327-0699x71321','2015-07-15 05:46:37','2013-02-10 01:52:05'),(7,'Jaydon','Lockman','velva56@example.org','1-227-744-0587','2014-05-13 17:50:27','2010-12-19 19:27:30'),(8,'Chaya','Rice','taylor.oberbrunner@example.com','106.435.1156','2015-12-05 03:08:52','2017-08-15 17:37:47'),(9,'Hannah','Pfeffer','mckenna.schultz@example.org','1-266-716-4748','2012-04-15 11:37:49','2015-07-30 19:58:35'),(10,'Ottilie','Marquardt','vklocko@example.com','(415)887-7329x42266','2018-01-24 17:37:22','2015-11-27 22:58:23'),(11,'Fabian','Purdy','jennie66@example.org','727-459-9996','2016-12-15 10:45:40','2011-12-12 04:30:06'),(12,'Estella','Bauch','kuhic.amie@example.com','+63(6)7230375731','2014-11-13 03:04:14','2016-05-04 00:46:54'),(13,'Elza','Wisozk','hosinski@example.net','+50(3)1024221197','2014-08-17 18:20:26','2017-11-16 14:49:30'),(14,'Amir','Jaskolski','lucas06@example.com','828.934.3038x09924','2016-03-27 22:43:11','2017-01-14 03:01:30'),(15,'Humberto','Runolfsson','ghamill@example.net','053.085.0475x296','2019-04-02 07:58:21','2015-04-02 21:58:13'),(16,'Leland','Nikolaus','kacey21@example.org','764-977-6522','2011-01-16 00:35:46','2016-08-14 12:01:02'),(17,'Lon','Aufderhar','sunny31@example.com','1-007-609-4107','2017-08-27 04:50:27','2010-07-22 07:35:15'),(18,'Jessy','Rutherford','mosciski.kassandra@example.net','295.606.2537x7434','2010-11-17 04:49:04','2019-12-27 03:45:43'),(19,'Marian','Franecki','trevion49@example.net','1-924-464-7138x892','2016-04-08 02:24:14','2019-02-15 09:22:26'),(20,'April','Wintheiser','janice30@example.org','+87(8)8221383853','2011-11-01 02:00:56','2018-07-01 08:56:50'),(21,'Alexandre','Marquardt','hipolito54@example.com','990.585.4721x161','2011-09-05 13:46:55','2017-04-10 06:20:52'),(22,'Alf','Larkin','wilburn00@example.com','232.904.3944x072','2014-02-03 11:47:42','2011-11-26 04:00:20'),(23,'Shanie','Turcotte','pete60@example.org','290-592-6056','2020-03-03 04:07:55','2017-04-14 09:49:39'),(24,'Amani','Hackett','stokes.julianne@example.com','+17(5)5787026782','2014-08-06 09:47:56','2014-07-02 01:51:27'),(25,'Stacey','Zulauf','lucienne.reilly@example.org','1-507-011-7630x938','2018-05-13 15:37:46','2015-09-08 06:02:24'),(26,'Geovanny','Beahan','bmoen@example.org','133-103-9171x1515','2014-03-09 12:14:42','2016-02-24 12:38:33'),(27,'Adrian','Baumbach','arthur26@example.net','922.255.0381x482','2013-09-16 12:33:22','2017-12-14 16:34:55'),(28,'Antwon','Jaskolski','marcelo.shields@example.org','982.245.0983x0151','2018-01-21 16:07:31','2010-09-10 08:34:26'),(29,'Ophelia','Stehr','ccollier@example.net','02575889620','2019-06-15 11:20:58','2016-04-22 19:09:34'),(30,'Gladyce','Kub','alva.gibson@example.net','941.791.3109x8731','2020-04-11 11:11:06','2013-12-10 01:36:14'),(31,'Verdie','Heathcote','royce30@example.com','1-753-817-2296x563','2016-10-28 13:23:36','2019-11-21 08:23:31'),(32,'Reva','Beahan','elza.wunsch@example.net','1-905-126-6543x90854','2014-09-18 05:41:52','2013-03-09 00:01:55'),(33,'Amie','Hermiston','veda97@example.org','(527)513-6389','2012-04-30 22:23:25','2019-01-22 09:06:21'),(34,'Della','Lindgren','sid83@example.org','(780)066-8889','2011-04-29 00:24:18','2018-10-09 09:25:07'),(35,'Guiseppe','Kovacek','mcglynn.kathlyn@example.org','(008)171-1859x27703','2015-06-29 01:37:39','2019-12-17 03:23:01'),(36,'Zaria','Cormier','demetrius73@example.net','528-824-4954x12027','2019-02-01 10:35:04','2016-11-22 03:43:59'),(37,'Donnell','Collier','orn.mark@example.net','1-801-411-7225x4579','2010-06-10 00:42:11','2016-11-14 18:46:34'),(38,'Josh','Kuphal','dgutmann@example.com','06367855289','2016-01-25 01:48:47','2017-09-12 01:41:15'),(39,'Monty','Rolfson','kari.cruickshank@example.org','1-351-146-4170x12557','2017-08-26 08:08:35','2015-02-09 21:00:20'),(40,'Hollis','Kuhlman','moore.janelle@example.net','(878)595-1805','2019-04-21 13:47:44','2019-04-18 20:19:15'),(41,'Oswaldo','Thiel','aromaguera@example.net','06339230468','2010-08-07 21:09:02','2018-07-26 15:53:27'),(42,'Mercedes','Romaguera','tony03@example.com','(715)994-8359x792','2013-02-14 01:02:15','2018-11-19 02:03:50'),(43,'Karen','Orn','rachael61@example.net','(006)301-4013x66996','2015-12-26 19:31:24','2014-07-25 19:14:59'),(44,'Manuela','Wintheiser','walton12@example.net','1-999-123-2980x5535','2015-05-24 23:02:03','2017-07-23 22:19:34'),(45,'Hipolito','Bailey','elissa53@example.net','1-711-416-6980','2016-03-19 23:11:00','2016-03-14 05:52:44'),(46,'Gia','Ruecker','elsie.quitzon@example.com','037.907.4183x5385','2019-10-11 16:21:24','2018-06-03 15:15:51'),(47,'Coby','Oberbrunner','padberg.nathanial@example.com','316-198-5733x73203','2013-02-03 15:57:32','2010-07-16 02:16:41'),(48,'Josephine','Mosciski','ygislason@example.com','+57(0)2882543016','2020-04-03 19:05:26','2014-01-23 03:52:16'),(49,'Sabina','Christiansen','erika.schulist@example.org','+37(4)1829465885','2012-09-29 11:14:48','2018-04-03 07:14:54'),(50,'Rebecca','Trantow','metz.elta@example.org','774-368-0915x5395','2011-05-06 18:41:56','2012-04-20 11:44:56'),(51,'Dayna','Kerluke','erling17@example.org','07621574840','2020-04-08 17:46:50','2013-06-03 15:30:16'),(52,'Madison','Kertzmann','weissnat.finn@example.net','+43(5)5285225463','2018-04-30 08:34:58','2011-05-18 11:59:37'),(53,'Rosie','Bauch','arlie31@example.com','415.658.0571x8514','2010-12-11 11:55:03','2018-09-01 19:30:43'),(54,'Tyler','Rice','archibald.quigley@example.net','(941)819-8446x396','2012-04-19 12:15:48','2013-05-02 21:22:23'),(55,'Angelina','Batz','roxane.hessel@example.com','411-265-8836x925','2017-02-09 16:06:44','2013-08-20 02:39:58'),(56,'Erich','Crona','elyssa.keeling@example.net','(852)573-7350x026','2015-07-10 12:16:10','2010-11-07 14:20:14'),(57,'Germaine','Dicki','qgraham@example.org','1-573-120-3761x8479','2012-05-07 23:24:13','2010-10-31 22:39:33'),(58,'Earl','Walker','mccullough.cortez@example.net','215-186-1022','2012-04-04 06:21:52','2011-03-24 05:50:55'),(59,'Tevin','Johnson','rupert18@example.com','1-462-733-2754','2013-05-31 22:59:10','2011-07-22 19:56:10'),(60,'Monty','Willms','bridie.blanda@example.net','748.584.4212x6190','2019-06-06 16:41:30','2019-02-07 06:54:31'),(61,'Granville','Wolf','tjacobi@example.org','757-708-2664x21767','2011-09-01 18:53:39','2016-09-13 15:17:17'),(62,'Halle','Walsh','vrunte@example.com','947.697.5370x030','2014-07-21 01:24:30','2014-05-06 11:24:46'),(63,'Mallie','Hodkiewicz','maynard20@example.net','422-693-7044x72111','2016-04-01 08:53:33','2016-02-08 18:47:47'),(64,'Verla','Johns','donny18@example.org','+18(6)7090669619','2016-04-05 14:45:25','2017-03-02 16:41:13'),(65,'Johnathan','Lind','robel.gilda@example.net','(278)694-2861','2012-12-23 09:00:39','2018-11-21 02:40:00'),(66,'Aaron','Keebler','zo\'conner@example.org','576.545.4397','2010-08-26 22:21:11','2015-09-19 23:05:25'),(67,'Darrell','Senger','andre29@example.net','041.728.3313x38388','2014-08-20 06:08:16','2012-03-24 20:59:38'),(68,'Marion','Nader','langosh.nikolas@example.org','1-490-636-1715','2014-09-21 03:44:58','2013-01-18 03:30:41'),(69,'Beulah','Daugherty','cydney96@example.org','1-467-751-4332x32589','2015-05-13 20:31:48','2019-02-16 17:29:26'),(70,'Candice','Beier','burdette.wisozk@example.net','(326)339-0597','2014-06-17 18:36:54','2018-11-18 01:07:55'),(71,'Merl','Ledner','isabella59@example.net','027.055.2511x804','2016-07-08 22:05:55','2016-11-27 20:54:17'),(72,'Marcelino','Turcotte','enoch18@example.net','092-555-4368x1713','2014-08-22 09:51:20','2016-11-04 13:50:20'),(73,'Lane','Mante','dshanahan@example.com','01761767236','2014-11-11 19:00:20','2013-03-02 14:54:42'),(74,'Clement','Mitchell','cbayer@example.com','(683)567-3301x507','2019-01-28 22:21:01','2011-04-01 08:20:12'),(75,'Justyn','Haley','gabrielle44@example.com','1-327-383-8522x6121','2017-10-03 18:05:34','2017-04-28 11:55:13'),(76,'Katlynn','Kihn','camille.schulist@example.org','(305)950-8587','2017-06-26 13:39:16','2013-01-09 18:15:57'),(77,'Devonte','Okuneva','uhansen@example.com','(724)532-1506x430','2017-11-02 04:44:30','2020-03-08 18:23:41'),(78,'Emmalee','Frami','willms.brenna@example.org','995-457-6485','2018-06-21 04:09:45','2015-11-14 02:40:14'),(79,'Arnoldo','Nienow','elwyn22@example.org','464.777.0033','2013-01-08 20:32:19','2018-03-05 08:09:08'),(80,'Eliseo','Brekke','cbradtke@example.com','323.726.5121x8498','2017-09-26 01:42:16','2014-04-26 04:08:56'),(81,'D\'angelo','Wyman','trantow.zoey@example.com','1-632-709-7485x20360','2014-07-21 02:58:22','2016-09-24 06:44:21'),(82,'Deja','Schneider','guillermo50@example.com','1-087-283-0740x3824','2019-04-13 12:24:23','2010-09-25 22:57:13'),(83,'Jaquan','Wyman','shayne37@example.com','401-826-5241x952','2016-08-12 03:17:51','2013-12-18 04:20:43'),(84,'Enola','Friesen','kilback.michele@example.net','(108)122-1849','2011-09-30 00:31:51','2017-01-10 07:31:45'),(85,'Wellington','Rath','psauer@example.com','1-119-799-5972','2010-10-18 16:14:43','2018-06-02 08:11:23'),(86,'Fred','Schoen','carson.yundt@example.net','685-244-7798','2012-08-05 04:36:23','2017-05-27 04:35:28'),(87,'Jensen','Raynor','hartmann.amos@example.com','(652)072-1849x3741','2010-10-20 16:39:57','2019-03-24 12:24:15'),(88,'Aylin','Kozey','pasquale34@example.org','332-545-6945x87905','2013-01-25 11:04:32','2012-10-16 16:38:04'),(89,'Peter','Keeling','nmitchell@example.net','938.896.6051x998','2017-02-01 03:22:12','2017-10-04 02:58:07'),(90,'Jaquan','Wilkinson','kali.kemmer@example.net','716-945-5968x832','2016-08-17 20:06:27','2013-09-22 03:30:29'),(91,'Ashtyn','Huel','graciela77@example.com','(619)335-6074x9672','2015-11-28 14:02:11','2011-11-19 08:27:05'),(92,'Estefania','Gutkowski','rturcotte@example.net','(456)734-8884','2014-12-02 14:26:19','2011-12-01 09:17:55'),(93,'Margarett','Bauch','krajcik.verda@example.com','02107995918','2018-05-11 23:27:31','2019-12-16 08:42:59'),(94,'Reba','Ortiz','schiller.emmy@example.org','893-038-8504','2010-10-08 16:16:11','2012-05-01 14:47:40'),(95,'Joanie','Rolfson','mcummings@example.org','1-860-048-8157x72729','2018-09-04 05:21:52','2013-07-28 17:46:16'),(96,'Roberta','Roberts','bartell.ara@example.com','698-551-6977','2019-06-02 08:49:47','2010-08-20 05:43:45'),(97,'Zack','Zieme','zjaskolski@example.net','295.364.8593x02746','2017-09-18 03:53:28','2014-05-05 00:31:51'),(98,'Natalie','Lowe','hrodriguez@example.com','(388)127-2398x30481','2019-09-18 00:04:14','2018-12-30 17:08:59'),(99,'Jarrod','Schiller','medhurst.laura@example.com','522.875.8699','2014-12-09 03:09:27','2017-07-07 06:57:14'),(100,'Russ','Kassulke','hayley.kreiger@example.com','970-029-0211','2018-04-13 17:51:29','2010-11-09 19:42:01');
/*!40000 ALTER TABLE `users` ENABLE KEYS */;
UNLOCK TABLES;
/*!40103 SET TIME_ZONE=@OLD_TIME_ZONE */;

/*!40101 SET SQL_MODE=@OLD_SQL_MODE */;
/*!40014 SET FOREIGN_KEY_CHECKS=@OLD_FOREIGN_KEY_CHECKS */;
/*!40014 SET UNIQUE_CHECKS=@OLD_UNIQUE_CHECKS */;
/*!40101 SET CHARACTER_SET_CLIENT=@OLD_CHARACTER_SET_CLIENT */;
/*!40101 SET CHARACTER_SET_RESULTS=@OLD_CHARACTER_SET_RESULTS */;
/*!40101 SET COLLATION_CONNECTION=@OLD_COLLATION_CONNECTION */;
/*!40111 SET SQL_NOTES=@OLD_SQL_NOTES */;

-- Dump completed on 2020-04-30 20:36:48
